Transaction Name,Transaction Name URL,Organization Name,Organization Name URL,Funding Type,Organization Location,Money Raised,Money Raised Currency,Money Raised (in USD),Announced Date,Funding Stage,Pre-Money Valuation,Pre-Money Valuation Currency,Pre-Money Valuation (in USD),Equity Only Funding,Organization Description,Organization Industries,Diversity Spotlight,Organization Website,Organization Revenue Range,Total Funding Amount,Total Funding Amount Currency,Total Funding Amount (in USD),Funding Status,Number of Funding Rounds,Lead Investors,Investor Names,Number of Investors,Number of Partner Investors,CB Rank (Funding Round)
Series A - EnduroSat,https://www.crunchbase.com/funding_round/endurosat-series-a--7b9afd11,EnduroSat,https://www.crunchbase.com/organization/endurosat,Series A,"Sofia, Grad Sofiya, Bulgaria, Europe",10000000,USD,10000000,2023-05-10,Early Stage Venture,,,,Yes,EnduroSat designs and engineers spacecraft for business applications and space exploration missions.,"Aerospace, Satellite Communication, Software",,https://www.endurosat.com/,$10M to $50M,49397284,USD,49397284,,8,Ceecat Capital,"Ceecat Capital, Freigeist Capital",2,1,"3,930"
Seed Round - Kertos,https://www.crunchbase.com/funding_round/kertos-seed--c79f33da,Kertos,https://www.crunchbase.com/organization/kertos,Seed,"München, Bayern, Germany, Europe",4000000,EUR,4409239,2023-05-04,Seed,,,,Yes,Kertos is a software company based in Europe that develops and provides a holistic compliance and privacy platform.,"Artificial Intelligence (AI), Compliance, Legal Tech, Machine Learning, Privacy, Software",,https://kertos.io,$1M to $10M,5000000,EUR,5462154,Seed,2,Redstone.VC,"10x Founders, Christoph Baumeister, Pi Labs, Redstone.VC, seed + speed Ventures, Superlyst Ventures, VR Ventures, xdeck",8,2,"8,432"
Seed Round - AICA,https://www.crunchbase.com/funding_round/aica-seed--b8e1495c,AICA,https://www.crunchbase.com/organization/aica,Seed,"Praha, Hlavni mesto Praha, Czech Republic, Europe",1200000,CHF,1275337,2023-03-08,Seed,,,,Yes,AICA provides packing materials and threads.,"Food and Beverage, Fruit, Packaging Services",,https://www.aica.cz,$1M to $10M,1210000,CHF,1285947,Seed,2,,"HTGF | High-Tech Gruenderfonds, Schaeffler Group, Spicehaus Partners",3,,"17,233"
Seed Round - Nia Health,https://www.crunchbase.com/funding_round/nia-health-seed--f42ffcbf,Nia Health,https://www.crunchbase.com/organization/nia-health,Seed,"Berlin, Berlin, Germany, Europe",3500000,EUR,3805725,2023-05-15,Seed,,,,Yes,Innovating Medical Technology,"Health Care, Health Diagnostics, Life Science, Medical Device, Personal Health, Software, Therapeutics",,https://www.nia-medtech.com,,3500000,EUR,3805725,Seed,1,HTGF | High-Tech Gruenderfonds,"adesso ventures, HTGF | High-Tech Gruenderfonds, Ventura BioMed Investors",3,,"22,032"
Seed Round - Elevear,https://www.crunchbase.com/funding_round/elevear-seed--a369b933,Elevear,https://www.crunchbase.com/organization/elevear,Seed,"Aachen, Nordrhein-Westfalen, Germany, Europe",,,,2023-07-24,Seed,,,,Yes,We develop breakthrough audio technologies for your hearables.,"Apps, Audio, Augmented Reality, Virtual Reality",,https://elevear-tech.com,,,,,Seed,1,TechVision Fund,TechVision Fund,1,,"24,786"
Pre Seed Round - Carelane,https://www.crunchbase.com/funding_round/carelane-pre-seed--cbbb9530,Carelane,https://www.crunchbase.com/organization/carelane,Pre-Seed,"Bremen, Bremen, Germany, Europe",800000,EUR,863000,2023-09-01,Seed,,,,Yes,Carelane uses digital health technology to reduce inefficiencies in clinical trials.,"Health Care, Web Development",,https://www.carelane.io/,,800000,EUR,863000,Seed,1,HTGF | High-Tech Gruenderfonds,HTGF | High-Tech Gruenderfonds,1,1,"25,290"
Series A - Plan A,https://www.crunchbase.com/funding_round/plana-earth-series-a--727c11cb,Plan A,https://www.crunchbase.com/organization/plana-earth,Series A,"Berlin, Berlin, Germany, Europe",27000000,USD,27000000,2023-09-19,Early Stage Venture,,,,Yes,Plan A is SaaS company offering a decarbonisation and policy alignment platform for business and their value chain participants.,"Analytics, Business Intelligence, GreenTech, Machine Learning, Sustainability",,https://plana.earth,$50M to $100M,42988861,USD,42988861,Early Stage Venture,5,Lightspeed Venture Partners,"coparion, Demeter, Deutsche Bank, HV Capital, Illusian Founder Office, Keen Venture Partners, Lightspeed Venture Partners, Opera Tech Ventures, Visa",9,,"28,258"
Funding Round - Urban Ground,https://www.crunchbase.com/funding_round/urban-ground-ug-undisclosed--2804dd2c,Urban Ground,https://www.crunchbase.com/organization/urban-ground-ug,Funding Round,"Berlin, Berlin, Germany, Europe",,,,2023-07-01,,,,,Yes,"Urban Ground offers 100% occupancies on rental assets across Europe to landlords creating a new market segment - ""Tenancy-As-A-Service""","Information Technology, Marketplace, Real Estate, Rental Property",,http://www.urbanground.de,$1M to $10M,,,,,4,HTGF | High-Tech Gruenderfonds,HTGF | High-Tech Gruenderfonds,1,,"29,875"
Pre Seed Round - Yond,https://www.crunchbase.com/funding_round/yond-cda7-pre-seed--49eb9d8d,Yond,https://www.crunchbase.com/organization/yond-cda7,Pre-Seed,"Wiesbaden, Hessen, Germany, Europe",,,,2023-08-02,Seed,,,,Yes,Yond is Prepare to scale your business with our Gym Operating System.,Wellness,,https://getyond.com,,,,,Seed,1,HTGF | High-Tech Gruenderfonds,HTGF | High-Tech Gruenderfonds,1,,"30,712"
Seed Round - Tokenize.it,https://www.crunchbase.com/funding_round/tokenize-it-seed--7e7fa47e,Tokenize.it,https://www.crunchbase.com/organization/tokenize-it,Seed,"Mittweida, Sachsen, Germany, Europe",2700000,EUR,2901865,2023-09-11,Seed,,,,Yes,"Tokenize.it empowers GmbH startups to raise funds faster, easier and continuously using virtual shares on a blockchain-based platform.","Financial Services, Funding Platform",,https://www.tokenize.it,,2700000,EUR,2901865,Seed,1,,"Gnosis, HTGF | High-Tech Gruenderfonds, seed + speed Ventures, w3.fund",4,,"31,910"
Series B - talpasolutions,https://www.crunchbase.com/funding_round/talpasolutions-series-b--b6f43abf,talpasolutions,https://www.crunchbase.com/organization/talpasolutions,Series B,"Essen, Nordrhein-Westfalen, Germany, Europe",15000000,EUR,16258277,2023-03-28,Early Stage Venture,,,,Yes,talpasolutions offers a predictive analytics SaaS platform that delivers unparalleled added value for the heavy industries.,"Analytics, Artificial Intelligence (AI), Information Technology, Machine Learning, SaaS, Software",,http://www.talpasolutions.com,Less than $1M,21000000,EUR,23505744,Early Stage Venture,3,"Bosch Ventures, MIG Capital","Bosch Ventures, F-LOG Ventures, Gruenderfonds Ruhr, Hannover Digital Investments, HTGF | High-Tech Gruenderfonds, MIG Capital, NRW.BANK, Prospect Mining Studio, RAG-Stiftung",9,3,"35,829"
Seed Round - PraxisEins,https://www.crunchbase.com/funding_round/praxiseins-seed--2836b73d,PraxisEins,https://www.crunchbase.com/organization/praxiseins,Seed,"Frankfurt, Hessen, Germany, Europe",,,,2023-01-11,Seed,,,,Yes,PraxisEins is a healthtech platform that provides doctors to provide class care services.,Health Care,,https://www.praxis-eins.de,,,,,Seed,1,HTGF | High-Tech Gruenderfonds,HTGF | High-Tech Gruenderfonds,1,1,"36,038"
Seed Round - traide AI,https://www.crunchbase.com/funding_round/traide-ai-seed--35903a5a,traide AI,https://www.crunchbase.com/organization/traide-ai,Seed,"Berlin, Berlin, Germany, Europe",,,,2023-08-29,Seed,,,,Yes,Remaining international customs processes with state-of-the-art deep learning technology,"Artificial Intelligence (AI), Software",,https://www.traide.ai,$1M to $10M,,,,Seed,1,HTGF | High-Tech Gruenderfonds,"Bool Capital, HTGF | High-Tech Gruenderfonds, Prequel Ventures, Roland Fassauer, Smart Infrastructure Ventures ('SIVentures'), Thomas Bachem",6,1,"40,166"
Seed Round - Kipu Quantum,https://www.crunchbase.com/funding_round/kipu-quantum-seed--926e3ff4,Kipu Quantum,https://www.crunchbase.com/organization/kipu-quantum,Seed,"Karlsruhe, Baden-Wurttemberg, Germany, Europe",10500000,EUR,11527428,2023-12-19,Seed,,,,Yes,Kipu Quantum is a software company that develops application and hardware-specific quantum computing solutions for industrial use.,"Hardware, Information Technology, Software",,https://kipu-quantum.com/,$1M to $10M,13500000,EUR,14523677,Seed,2,"DeepTech & Climate Fonds, HV Capital","DeepTech & Climate Fonds, Entrada Ventures, First Momentum Ventures, HV Capital, Onsight Ventures, QAI Ventures, Quantonation",7,5,"41,241"
Seed Round - Filics,https://www.crunchbase.com/funding_round/filics-seed--27396ff7,Filics,https://www.crunchbase.com/organization/filics,Seed,"München, Bayern, Germany, Europe",,,,2023-08-01,Seed,,,,Yes,Filics offers transport solution for load carriers.,"Logistics, Supply Chain Management, Transportation",,https://www.filics.eu,,,,,Seed,5,Capnamic Ventures,Capnamic Ventures,1,,"43,577"
Seed Round - SUSHI Bikes,https://www.crunchbase.com/funding_round/sushi-bikes-seed--3a1ab47e,SUSHI Bikes,https://www.crunchbase.com/organization/sushi-bikes,Seed,"Munich, Bayern, Germany, Europe",,,,2023-07-12,Seed,,,,Yes,SUSHI Bikes has developed the perfect e-bike for modern urban people.,"E-Commerce, Fitness, Sporting Goods, Transportation",,https://www.sushi-bikes.com,$1M to $10M,,,,Seed,1,,"BayBG Venture Capital, Parkshore Holding, STS Ventures, VRD GmbH",4,,"47,437"
Series B - Lanes & Planes,https://www.crunchbase.com/funding_round/tripclick-pro-series-b--6663cc1e,Lanes & Planes,https://www.crunchbase.com/organization/tripclick-pro,Series B,"Munich, Bayern, Germany, Europe",33200000,EUR,35039800,2023-10-16,Early Stage Venture,,,,Yes,Lanes & Planes is the Travel Management solution as Software-as-a-Service that truly maps all areas of the business travel in a digital way.,"SaaS, Software, Travel",,https://www.lanes-planes.com,$10B+,45039800,USD,45039800,Early Stage Venture,3,Smash Capital,"Acurio Ventures, Battery Ventures, coparion, DN Capital, Smash Capital",5,1,"49,957"
Series A - Inovedis,https://www.crunchbase.com/funding_round/inovedis-series-a--570b4b4a,Inovedis,https://www.crunchbase.com/organization/inovedis,Series A,"Albstadt, Baden-Wurttemberg, Germany, Europe",3780000,EUR,3971932,2023-10-04,Early Stage Venture,,,,Yes,Inovedis offers innovative solutions in medical technology.,"Health Care, Medical Device",,https://inovedis.de/,$1M to $10M,3780000,EUR,3971932,Early Stage Venture,1,,"American RENOLIT Corporation, HTGF | High-Tech Gruenderfonds, MBG Baden Wuerttemberg, Start-up BW Innovation Fonds, Volksbank Albstadt ChancenKapital",5,,"50,184"
Seed Round - Hema.to,https://www.crunchbase.com/funding_round/hema-to-seed--466cc2bc,Hema.to,https://www.crunchbase.com/organization/hema-to,Seed,"München, Bayern, Germany, Europe",3600000,EUR,3927511,2023-06-26,Seed,,,,Yes,"Hema.to provides fully automated, AI-powered blood cancer detection suggestions based on flow cytometry data.","Artificial Intelligence (AI), Health Care, Health Diagnostics",,https://www.hema.to/,,7200000,EUR,7699467,Seed,2,,"Elaia, Heal Capital, HTGF | High-Tech Gruenderfonds",3,1,"51,920"
Series B - Bind-X,https://www.crunchbase.com/funding_round/bind-x-series-b--c34beeb1,Bind-X,https://www.crunchbase.com/organization/bind-x,Series B,"Planegg, Bayern, Germany, Europe",10000000,EUR,11007700,2023-08-01,Early Stage Venture,,,,Yes,Bind-X develops biotechnology applications to improve the sustainability of industries by optimizing biotechnological processes.,"Biotechnology, Product Research, Sustainability",,https://bind-x.com,,10000000,EUR,11007700,Early Stage Venture,1,,"Greeneering Invest, HG Ventures, HTGF | High-Tech Gruenderfonds, K&K 1, Saxovent, Vantage Value",6,,"55,360"
Venture Round - ZAGENO,https://www.crunchbase.com/funding_round/zageno-series-unknown--563576f5,ZAGENO,https://www.crunchbase.com/organization/zageno,Venture - Series Unknown,"Cambridge, Massachusetts, United States, North America",33000000,USD,33000000,2023-05-25,,,,,Yes,ZAGENO is an enterprise marketplace solution that connects e-commerce to life science.,"Biotechnology, E-Commerce, Internet, Marketplace, Retail",,https://zageno.com,$1M to $10M,121000000,USD,121000000,,5,"General Catalyst, Grazia Equity, OakRidge Management Group","Capnamic Ventures, General Catalyst, Grazia Equity, HighSage Ventures, OakRidge Management Group",5,3,"55,364"
Series A - mbiomics,https://www.crunchbase.com/funding_round/mbiomics-series-a--b26b0541,mbiomics,https://www.crunchbase.com/organization/mbiomics,Series A,"Munich, Bayern, Germany, Europe",13000000,EUR,14085011,2023-03-23,Early Stage Venture,,,,Yes,mbiomics is a biotechnology company.,Biotechnology,,https://www.mbiomics.com/,,13000000,EUR,14085011,Early Stage Venture,1,MIG Capital,"Bayern Kapital, HTGF | High-Tech Gruenderfonds, MIG Capital",3,3,"55,185"
Series A - xolo,https://www.crunchbase.com/funding_round/xolo-57c2-series-a--6bd8d5f8,xolo,https://www.crunchbase.com/organization/xolo-57c2,Series A,"Berlin, Berlin, Germany, Europe",8000000,EUR,8546041,2023-02-20,Early Stage Venture,,,,Yes,Xolo is a 3D printing firm that offers a volumetric printing solution to various industries.,"3D Printing, Manufacturing, Printing",,https://www.xolo3d.com/index.html,$1M to $10M,8000000,EUR,8546041,Early Stage Venture,2,,"DeepTech & Climate Fonds, Frank Carsten Herzog, HZG Group, Kerstin Herzog, Onsight Ventures",5,2,"55,199"
Seed Round - Phytonics,https://www.crunchbase.com/funding_round/phytonics-seed--cc69cdaf,Phytonics,https://www.crunchbase.com/organization/phytonics,Seed,"Eggenstein-leopoldshafen, Baden-Wurttemberg, Germany, Europe",,,,2023-03-16,Seed,,,,Yes,Phytonics designs and offers anti-reflective coating products with excellent light-trapping capabilities.,"Environmental Consulting, Lighting, Manufacturing, Product Design",,https://www.phytonics.tech,,,,,Seed,1,,"EIT InnoEnergy, HTGF | High-Tech Gruenderfonds, Karlsruhe Institute of Technology",3,3,"55,977"
Venture Round - Virtonomy,https://www.crunchbase.com/funding_round/virtonomy-gmbh-series-unknown--0044d4c7,Virtonomy,https://www.crunchbase.com/organization/virtonomy-gmbh,Venture - Series Unknown,"Munich, Bayern, Germany, Europe",3500000,EUR,3849089,2023-04-12,,,,,Yes,"Virtonomy's advanced digital patients twin solution, powered by AI and multi-physics simulations, is reshaping the medical device industry","Biotechnology, Health Care, Medical",,https://virtonomy.io,$1M to $10M,3500000,EUR,3849089,,3,Accenture Ventures,"Accenture Ventures, Ali Ciger, Bayern Kapital, DvH Ventures, Honeystone Ventures, N&V Capital, Pace Ventures, Springboard Health Angels",8,3,"54,016"
Seed Round - hbox,https://www.crunchbase.com/funding_round/hbox-seed--de5e99f7,hbox,https://www.crunchbase.com/organization/hbox,Seed,"Aachen, Nordrhein-Westfalen, Germany, Europe",2300000,EUR,2439242,2023-02-22,Seed,,,,Yes,HBOX Therapies develops therapies based on the principle of minimally invasive targeted hyperoxygenation.,Health Care,,https://www.hbox-therapies.com,$1M to $10M,2300000,EUR,2439242,Seed,1,TechVision Fund,"Dr. Peter Borges, HTGF | High-Tech Gruenderfonds, TechVision Fund",3,2,"52,933"
Seed Round - Fermify,https://www.crunchbase.com/funding_round/fermify-seed--f97835dc,Fermify,https://www.crunchbase.com/organization/fermify,Seed,"Gerasdorf Bei Wien, Niederosterreich, Austria, Europe",5000000,USD,5000000,2023-05-09,Seed,,,,Yes,Fermify - universally accessible sustainable food proteins,"Artificial Intelligence (AI), Biopharma, Biotechnology",,https://www.fermify.org/,$1M to $10M,6650801,USD,6650801,,3,Climentum Capital,"Auxxo, BackBone Ventures, Clima Now, Climentum Capital, Fund F, PUSH VC, Satgana, Simon Capital, Triple Impact Ventures, Übermorgen Ventures",10,3,"52,934"
Venture Round - AIM3D,https://www.crunchbase.com/funding_round/aim3d-series-unknown--bd844f3f,AIM3D,https://www.crunchbase.com/organization/aim3d,Venture - Series Unknown,"Rostock, Mecklenburg-Vorpommern, Germany, Europe",,,,2023-07-10,,,,,Yes,AIM3D specializes in manufacturing low-cost and efficient metal and plastic 3D printers.,"3D Printing, Industrial, Manufacturing",,https://www.aim3d.de/en/,$1M to $10M,1400000,EUR,1583750,,2,"HTGF | High-Tech Gruenderfonds, HZG Group","HTGF | High-Tech Gruenderfonds, HZG Group",2,,"56,895"
Seed Round - SQUAKE,https://www.crunchbase.com/funding_round/squake-seed--2deb073d,SQUAKE,https://www.crunchbase.com/organization/squake,Seed,"Berlin, Berlin, Germany, Europe",3500000,EUR,3847084,2023-06-21,Seed,,,,Yes,"SQUAKE is the industry solution for sustainable travel and logistics, today.","Environmental Consulting, Renewable Energy, Sustainability",,https://www.squake.earth/,$1M to $10M,5000000,EUR,5540149,Seed,2,Simon Capital,"BackBone Ventures, Lufthansa, Neosfer, Rivus Capital, Schenker Ventures, Simon Capital",6,1,"56,921"
Seed Round - Mosanna Therapeutics,https://www.crunchbase.com/funding_round/mosanna-therapeutics-seed--f753c2f9,Mosanna Therapeutics,https://www.crunchbase.com/organization/mosanna-therapeutics,Seed,"Basel, Basel-Stadt, Switzerland, Europe",,,,2023-04-11,Seed,,,,Yes,Mosanna Therapeutics is a Biotech company based in Basel with a commitment to improving patient outcomes and quality of life.,"Biotechnology, Therapeutics",,https://mosanna.com,Less than $1M,,,,Seed,2,,"Forty51 Ventures, HTGF | High-Tech Gruenderfonds, Supermoon Capital",3,2,"53,306"
Series A - Dualyx,https://www.crunchbase.com/funding_round/dualyx-series-a--1e889ffc,Dualyx,https://www.crunchbase.com/organization/dualyx,Series A,"Ghent, Oost-Vlaanderen, Belgium, Europe",40000000,EUR,43494004,2023-05-15,Early Stage Venture,,,,Yes,Dualyx engages in the discovery and development of biologicals for the treatment of autoimmune and rare diseases.,"Biotechnology, Health Care, Medical",,https://www.dualyx.com/,,40000000,EUR,43494004,Early Stage Venture,2,"Andera Partners, Forbion Capital Partners, Fountain Healthcare Partners","Andera Partners, BioGeneration Ventures, Forbion Capital Partners, Fountain Healthcare Partners, Gemma Frisius Fund, HTGF | High-Tech Gruenderfonds, PMV, V-Bio Ventures, VIB",9,4,"53,618"
Series B - intelligent fluids GmbH,https://www.crunchbase.com/funding_round/bubbles-and-beyond-series-b--e58703b4,intelligent fluids GmbH,https://www.crunchbase.com/organization/bubbles-and-beyond,Series B,"Leipzig, Sachsen, Germany, Europe",10000000,EUR,10581764,2023-03-15,Early Stage Venture,,,,Yes,Intelligent fluids GmbH is a technology company designing innovative high performance cleaning fluids that are unique in the world.,"Biotechnology, Clinical Trials, Health Care, Nanotechnology",,http://www.intelligent-fluids.de,$1M to $10M,14235827,USD,14235827,Early Stage Venture,6,WAVE Equity Partners,"HTGF | High-Tech Gruenderfonds, IBG Beteiligungsgesellschaft Sachsen-Anhalt, WAVE Equity Partners",3,1,"54,824"
Series A - FERNRIDE,https://www.crunchbase.com/funding_round/fernride-series-a--1ad4b9ba,FERNRIDE,https://www.crunchbase.com/organization/fernride,Series A,"Munich, Bayern, Germany, Europe",19000000,USD,19000000,2023-09-20,Early Stage Venture,,,,Yes,"Leading platform for autonomous, electric trucking.","Autonomous Vehicles, Electric Vehicle, Logistics, Software, Transportation",,https://www.fernride.com/,$10M to $50M,60998161,USD,60998161,Early Stage Venture,5,,"10x Founders, Bayern Kapital, DeepTech & Climate Fonds, Fly Ventures, HHLA Next, Klaus Kleinfeld, KRONE, Munich Re Ventures, Promus Ventures, PUSH VC, Schenker Ventures, Speedinvest",12,1,"57,914"
Pre Seed Round - Notch,https://www.crunchbase.com/funding_round/notch-5364-pre-seed--b54b0583,Notch,https://www.crunchbase.com/organization/notch-5364,Pre-Seed,"Hamburg, Hamburg, Germany, Europe",1100000,EUR,1200073,2023-06-26,Seed,,,,Yes,The simplest way to create and share interactive sales documents.,"B2B, Consumer Software, Information Technology, Software",,https://www.notch.so,,1100000,EUR,1200073,Seed,1,"APX, HTGF | High-Tech Gruenderfonds","Alexander Eitner, APX, Christoph Zoeller, Elias Russezki, HEARTFELT, HTGF | High-Tech Gruenderfonds, Oliver Manojlovic, Sebastian Haas, Sebastian Johnston, WestTech Ventures, Yang Zou",11,1,"60,108"
Pre Seed Round - Maya Climate,https://www.crunchbase.com/funding_round/maya-climate-pre-seed--549aa02f,Maya Climate,https://www.crunchbase.com/organization/maya-climate,Pre-Seed,"Berlin, Berlin, Germany, Europe",1200000,EUR,1303281,2023-01-31,Seed,,,,Yes,"Maya is your geospatial copilot, automating data analysis to create actionable insights for assessing & monitoring natural assets.","Financial Services, Generative AI, Geospatial, Impact Investing, Software, Sustainability",,https://www.maya-climate.com,$10M to $50M,1370000,EUR,1469915,Seed,2,HTGF | High-Tech Gruenderfonds,"Antler, Berlin Angel Fund, HTGF | High-Tech Gruenderfonds",3,2,"59,667"
Pre Seed Round - Kern AI,https://www.crunchbase.com/funding_round/kern-ai-pre-seed--f154b50f,Kern AI,https://www.crunchbase.com/organization/kern-ai,Pre-Seed,"Eichwalde, Brandenburg, Germany, Europe",2700000,EUR,2879954,2023-02-16,Seed,,,,Yes,Kern AI is a data-centric platform to build natural language interfaces.,"Artificial Intelligence (AI), Software",,https://www.kern.ai,,2700000,EUR,2879954,Seed,1,"Faber, Seedcamp","another.vc, Faber, Gerrit Veer, HPI Seed Fund, Julius Heinz, Marcus Nagel, Nicolas Peters, Sebastian Heinz, Seedcamp, TKM GmbH, xdeck",11,2,"60,185"
Seed Round - VisioLab,https://www.crunchbase.com/funding_round/visiolab-seed--3fec05bc,VisioLab,https://www.crunchbase.com/organization/visiolab,Seed,"Osnabrück, Niedersachsen, Germany, Europe",2000000,EUR,2147651,2023-01-10,Seed,,,,Yes,VisioLab combines human-centric artificial intelligence with the responsibility of making data-driven decisions.,"Analytics, Artificial Intelligence (AI), Information Technology, Machine Learning, Point of Sale, Retail Technology, Software",,https://www.visiolab.io/,$1M to $10M,3378262,USD,3378262,Seed,3,HTGF | High-Tech Gruenderfonds,"APX, HTGF | High-Tech Gruenderfonds, Jens Ohr, NBank Capital, Zwei.7",5,2,"69,358"
Pre Seed Round - Refuel Green,https://www.crunchbase.com/funding_round/refuel-green-pre-seed--07ab79d5,Refuel Green,https://www.crunchbase.com/organization/refuel-green,Pre-Seed,"Dresden, Sachsen, Germany, Europe",1200000,EUR,1303183,2023-01-12,Seed,,,,Yes,Refuel Green offers consulting services in the field of renewable and CO2-neutral fuels.,"Environmental Consulting, Renewable Energy",,https://www.refuel.green/,$1M to $10M,1200000,EUR,1303183,Seed,1,HTGF | High-Tech Gruenderfonds,"HTGF | High-Tech Gruenderfonds, TGFS - Technologiegründerfonds Sachsen",2,1,"69,669"
Seed Round - Startup Insider,https://www.crunchbase.com/funding_round/startup-insider-13df-seed--cef0ef9b,Startup Insider,https://www.crunchbase.com/organization/startup-insider-13df,Seed,"Berlin, Berlin, Germany, Europe",,,,2023-01-31,Seed,,,,Yes,Startup Insider is a provider of information services to startup firms.,Media and Entertainment,,http://www.startupinsider.de,,,,,Seed,1,,"Atlantic Labs, BitStone Capital, Capnamic Ventures, Decisive Capital Management, Earlybird Venture Capital, German Media Pool, NAP, Olaf Koch, Philipp Westermeyer, seed + speed Ventures, Udo Schloemer",11,,"70,251"
Seed Round - Cerchia,https://www.crunchbase.com/funding_round/cerchia-seed--f83039e5,Cerchia,https://www.crunchbase.com/organization/cerchia,Seed,"Zug, Zug, Switzerland, Europe",1300000,CHF,1404479,2023-01-16,Seed,,,,Yes,Cerchia is a fintech company enabling direct transfer of event risk between protection buyers and protection sellers.,"Blockchain, FinTech",,https://cerchia.io,,2704479,USD,2704479,Seed,2,HTGF | High-Tech Gruenderfonds,HTGF | High-Tech Gruenderfonds,1,1,"70,150"
Seed Round - Refined Laser Systems,https://www.crunchbase.com/funding_round/refined-laser-systems-seed--217fdcff,Refined Laser Systems,https://www.crunchbase.com/organization/refined-laser-systems,Seed,"Munster, Niedersachsen, Germany, Europe",2700000,EUR,2941244,2023-01-26,Seed,,,,Yes,Refined Laser Systems is a dynamic biophotonics company.,"Electronics, Manufacturing",,https://refined-lasers.com,$1M to $10M,2700000,EUR,2941244,Seed,1,"APEX Ventures, HTGF | High-Tech Gruenderfonds","APEX Ventures, Hans-Michael Hauser, HTGF | High-Tech Gruenderfonds, NRW.BANK, Onsight Ventures, Papst Venture Capital, Thomas Merk, Werner Falkenstein",8,3,"71,338"
Series A - traceless materials,https://www.crunchbase.com/funding_round/traceless-materials-series-a--6fcb84ad,traceless materials,https://www.crunchbase.com/organization/traceless-materials,Series A,"Hamburg, Hamburg, Germany, Europe",36600000,EUR,38764616,2023-09-25,Early Stage Venture,,,,Yes,traceless materials is a circular bioeconomy startup offering a holistically sustainable alternative to conventional plastics & bioplastics,"Advanced Materials, Biotechnology, Chemical, Manufacturing",,https://www.traceless.eu/,$10M to $50M,39020000,EUR,41577886,Early Stage Venture,3,"Blue Oceans Partners, United Bankers","b.value AG, Blue Oceans Partners, GLS Community Bank eG, Hamburger Sparkasse AG, HTGF | High-Tech Gruenderfonds, Planet A Ventures, United Bankers",7,2,"83,470"
Series A - HOLY,https://www.crunchbase.com/funding_round/holy-98a1-series-a--2aacede3,HOLY,https://www.crunchbase.com/organization/holy-98a1,Series A,"Berlin, Berlin, Germany, Europe",10500000,EUR,11338983,2023-08-24,Early Stage Venture,,,,Yes,HOLY is an e-commerce platform that produces soft drinks including HOLY energy and HOLY iced tea.,"E-Commerce, Food and Beverage, Manufacturing",,https://de.weareholy.com,,10500000,EUR,11338983,Early Stage Venture,4,Left Lane Capital,"Bela Seebach, Benjamin Kremer, FoodLabs, Left Lane Capital, Noel Bollmann, OMR, Simon Capital, V3 ventures",8,1,"85,552"
Seed Round - akirolabs,https://www.crunchbase.com/funding_round/akirolabs-seed--edc03251,akirolabs,https://www.crunchbase.com/organization/akirolabs,Seed,"Berlin, Berlin, Germany, Europe",,,,2023-05-31,Seed,,,,Yes,Akirolabs develops and provides an AI powered SaaS platform for collaborative strategic procurement.,"Artificial Intelligence (AI), Information Technology, Procurement, SaaS",,https://akirolabs.com/,$1M to $10M,5000000,USD,5000000,Seed,3,,"HTGF | High-Tech Gruenderfonds, Serpentine Ventures",2,,"85,553"
Seed Round - Doctorflix,https://www.crunchbase.com/funding_round/doctorflix-seed--19f8cc53,Doctorflix,https://www.crunchbase.com/organization/doctorflix,Seed,"Berlin, Berlin, Germany, Europe",2000000,EUR,2191509,2023-06-27,Seed,,,,Yes,Re-thinking knowledge exchange & networking for doctors globally.,"Continuing Education, Education, Health Care, Information Technology, Medical",,https://doctorflix.de,,4725000,EUR,5099693,Seed,3,"Brandenburg Kapital, HTGF | High-Tech Gruenderfonds","22 Capital, Alexander Brand, Alexander Tschirnhaus, Bjorn Jopen, blueworld.group, Brandenburg Kapital, HTGF | High-Tech Gruenderfonds, Johannes Roggendorf, Prof. Dr. med. Christian Wallwiener",9,,"90,015"
Seed Round - AuditOne,https://www.crunchbase.com/funding_round/auditone-9d84-seed--23dee0d2,AuditOne,https://www.crunchbase.com/organization/auditone-9d84,Seed,"Cologne, Nordrhein-Westfalen, Germany, Europe",800000,EUR,863880,2023-12-12,Seed,,,,Yes,AuditOne is an audit platform that facilitates seamless smart contracts audit process as well as offers Web3-based verification services.,"Blockchain, Cyber Security, Information Technology, Productivity Tools, Security, Smart Contracts, Software, Web3",,https://www.auditone.io/,$1M to $10M,800000,EUR,863880,Seed,1,HTGF | High-Tech Gruenderfonds,"Florian von Bodman, HTGF | High-Tech Gruenderfonds, Sebastian Herzog",3,1,"122,446"
Venture Round - Blickfeld,https://www.crunchbase.com/funding_round/blickfeld-series-unknown--b06cfaa3,Blickfeld,https://www.crunchbase.com/organization/blickfeld,Venture - Series Unknown,"Munich, Bayern, Germany, Europe",7500000,EUR,8192495,2023-12-18,,,,,Yes,Blickfeld offers LiDAR sensors and detection software for autonomous mobility and IoT applications.,"Electronics, Manufacturing, Sensor, Software",,https://www.blickfeld.com/,$10M to $50M,64182290,USD,64182290,,6,"New Future Capital, UVC Partners","Bayern Kapital, Continental, Fluxunit - Osram Ventures, HTGF | High-Tech Gruenderfonds, New Future Capital, Tengelmann Ventures, UVC Partners",7,2,"153,328"
Venture Round - PlastFormance,https://www.crunchbase.com/funding_round/plastformance-series-unknown--a6006f67,PlastFormance,https://www.crunchbase.com/organization/plastformance,Venture - Series Unknown,"Teisendorf, Bayern, Germany, Europe",,,,2023-07-11,,,,,Yes,PlastFormance develop and produce innovative highly-filled plastics with individual physical features.,"Building Material, Plastics and Rubber Manufacturing, Product Design",,https://www.plastformance.com/,,,,,,1,HTGF | High-Tech Gruenderfonds,"HTGF | High-Tech Gruenderfonds, ICG Ventures, Jobest",3,1,"140,601"
Seed Round - Floy,https://www.crunchbase.com/funding_round/floy-seed--920663a1,Floy,https://www.crunchbase.com/organization/floy,Seed,"Munich, Bayern, Germany, Europe",5400000,EUR,5860730,2023-11-16,Seed,,,,Yes,Developing AI to support radiologists in seeing diseases difficult to detect.,"Artificial Intelligence (AI), Health Care, Health Diagnostics, SaaS, Software",,https://www.floy.com/,,12400000,EUR,13276267,Seed,4,HV Capital,"10x Founders, Acurio Ventures, HV Capital, Saarbruecker 21, xdeck",5,1,"163,429"
Series A - sewts,https://www.crunchbase.com/funding_round/sewts-series-a--c5c832fe,sewts,https://www.crunchbase.com/organization/sewts,Series A,"Garching Bei München, Bayern, Germany, Europe",7000000,EUR,7684108,2023-08-09,Early Stage Venture,,,,Yes,"Saas, Robotic, Machine Learning","Machine Learning, Software",,https://www.sewts.com,$1M to $10M,7000000,EUR,7684108,Early Stage Venture,3,"CNB Capital, Emerald Technology Ventures, EquityPitcher Ventures, Nabtesco Technology Ventures","APEX Ventures, Bayern Kapital, CNB Capital, Emerald Technology Ventures, EquityPitcher Ventures, HTGF | High-Tech Gruenderfonds, Nabtesco Technology Ventures",7,2,"163,475"
Pre Seed Round - FINDIQ,https://www.crunchbase.com/funding_round/findiq-pre-seed--eac9851d,FINDIQ,https://www.crunchbase.com/organization/findiq,Pre-Seed,"Herford, Nordrhein-Westfalen, Germany, Europe",1000000,EUR,1091526,2023-06-28,Seed,,,,Yes,FINDIQ created a unique technique to intelligently combine knowledge management and help systems for machine service.,"Knowledge Management, Service Industry, Software",,https://findiq.de,,1000000,EUR,1091526,Seed,1,,"Annjana Julika Engler-Sass, Auxxo, Bettina Volkens, HTGF | High-Tech Gruenderfonds, Notion Capital, Stefan Tietze",6,2,"91,943"
Series A - FarmInsect,https://www.crunchbase.com/funding_round/farminsect-series-a--dcb46d07,FarmInsect,https://www.crunchbase.com/organization/farminsect,Series A,"Bergkirchen, Bayern, Germany, Europe",8000000,EUR,8536520,2023-10-23,Early Stage Venture,,,,Yes,"FarmInsect offers an automated solution for the local insect breeding at the farmer as animal feed for chickens, pork, and fish.","Agriculture, AgTech, Animal Feed, Farming, Food Processing, Horticulture",,https://farminsect.eu/,$1M to $10M,10499999,EUR,11150942,Early Stage Venture,4,Sandwater,"Bayern Kapital, European Innovation Council, HTGF | High-Tech Gruenderfonds, Minderoo Foundation, Sandwater, UnternehmerTUM",6,3,"115,871"
Seed Round - SureIn,https://www.crunchbase.com/funding_round/surein-seed--a5b311a1,SureIn,https://www.crunchbase.com/organization/surein,Seed,"Berlin, Berlin, Germany, Europe",4000000,EUR,4361812,2023-08-15,Seed,,,,Yes,SureIn is a developer of an insurance management application designed to make business insurance efficient.,"Information Technology, InsurTech, Software",,https://www.surein.de,$1M to $10M,4000000,EUR,4361812,Seed,2,PactVC,"Atlantic Labs, neoteq ventures, PactVC, Robin Haak, Sequoia Arc, Vincenz Klemm, Warrick Shanly, xdeck",8,2,"169,260"
Seed Round - ReCatalyst,https://www.crunchbase.com/funding_round/recatalyst-seed--2c87cdef,ReCatalyst,https://www.crunchbase.com/organization/recatalyst,Seed,"Ljubljana, Ljubljana Urban Commune, Slovenia, Europe",1700000,EUR,1893895,2023-07-12,Seed,,,,Yes,ReCatalyst develops next-generation PEM fuel cell catalysts.,"Chemical, Nanotechnology",,https://recatalyst.si/,,1700000,EUR,1893895,Seed,1,"HTGF | High-Tech Gruenderfonds, OCCIDENT, xista science ventures","HTGF | High-Tech Gruenderfonds, OCCIDENT, RUG Ventures, Tine Tomažič, xista science ventures",5,3,"171,242"
Series A - Holy,https://www.crunchbase.com/funding_round/holy-5ea0-series-a--28e57423,Holy,https://www.crunchbase.com/organization/holy-5ea0,Series A,"Berlin, Berlin, Germany, Europe",10500000,EUR,11338983,2023-08-24,Early Stage Venture,,,,Yes,Holy is the soft drink revolution to get great taste and keep a clear conscience.,"E-Commerce, Food and Beverage, Retail",,https://de.weareholy.com,$10M to $50M,10500000,EUR,11338983,Early Stage Venture,1,Left Lane Capital,"Bela Seebach, Benjamin Kremer, FoodLabs, Left Lane Capital, Noel Bollmann, OMR, Simon Capital, V3 ventures",8,1,"94,040"
Seed Round - Midel Photonics,https://www.crunchbase.com/funding_round/midel-photonics-seed--0ced7b07,Midel Photonics,https://www.crunchbase.com/organization/midel-photonics,Seed,"Maastricht, Limburg, The Netherlands, Europe",1000000,EUR,1097850,2023-12-19,Seed,,,,Yes,Midel Photonics manufacture laser beam shapers and splitters with diffractive optics to efficiently redistribute the laser light.,"Innovation Management, Nanotechnology",,https://midel-photonics.de/,,1000000,EUR,1097850,Seed,1,HTGF | High-Tech Gruenderfonds,"HTGF | High-Tech Gruenderfonds, Markus Dilger, Thomas Merk",3,1,"94,913"
Seed Round - Vertama,https://www.crunchbase.com/funding_round/vertama-seed--c14efcae,Vertama,https://www.crunchbase.com/organization/vertama,Seed,"Berlin, Berlin, Germany, Europe",,,,2023-07-12,Seed,,,,Yes,Vertama provide B2B SaaS solutions for quick and easy data capture and processing.,"B2B, Data Integration, SaaS",,https://vertama.com,,,,,Seed,1,"Berlin Angel Fund, HTGF | High-Tech Gruenderfonds","Berlin Angel Fund, HTGF | High-Tech Gruenderfonds",2,,"95,282"
Seed Round - Speekly,https://www.crunchbase.com/funding_round/speekly-gmbh-seed--11cf3de1,Speekly,https://www.crunchbase.com/organization/speekly-gmbh,Seed,"Cologne, Nordrhein-Westfalen, Germany, Europe",1250000,EUR,1340485,2023-09-06,Seed,12750000,EUR,13672952,Yes,Leading UGC platform in Europe | Providing brands with high-performing video ads,"Advertising, Content Creators, Marketing, Social Media Marketing",,https://speekly.de/,,1250000,EUR,1340485,Seed,1,neoteq ventures,"Alexander Moulakakis, neoteq ventures",2,,"102,936"
Seed Round - Soluterials,https://www.crunchbase.com/funding_round/soluterials-seed--de1fc6fc,Soluterials,https://www.crunchbase.com/organization/soluterials,Seed,"Beelitz, Brandenburg, Germany, Europe",,,,2023-10-09,Seed,,,,Yes,"Soluterials provides sustainable, innovative & high-performance pure aluminium.",Precious Metals,,https://www.soluterials.de/,,,,,Seed,1,HTGF | High-Tech Gruenderfonds,HTGF | High-Tech Gruenderfonds,1,1,"105,800"
Series A - BeeOLED,https://www.crunchbase.com/funding_round/beeoled-series-a--99bf7cab,BeeOLED,https://www.crunchbase.com/organization/beeoled,Series A,"Dresden, Sachsen, Germany, Europe",13300000,EUR,14451432,2023-08-23,Early Stage Venture,,,,Yes,BeeOLED solves a significant issue in the OLED field.,"3D Technology, Information Technology",,https://beeoled.com,,13300000,EUR,14451432,Early Stage Venture,1,"eCAPITAL ENTREPRENEURIAL PARTNERS, Innovation Industries","eCAPITAL ENTREPRENEURIAL PARTNERS, HTGF | High-Tech Gruenderfonds, Innovation Industries, JBN-Invest, KBC Focus Fund, M Ventures, TGFS - Technologiegründerfonds Sachsen",7,3,"156,366"
Seed Round - RAYDIAX,https://www.crunchbase.com/funding_round/raydiax-seed--4c5923f8,RAYDIAX,https://www.crunchbase.com/organization/raydiax,Seed,"Magdeburg, Sachsen-Anhalt, Germany, Europe",2400000,EUR,2535366,2023-10-26,Seed,,,,Yes,RAYDIAX is a manufacturing company which makes therapy-assist CT systems that enable minimally invasive interventions.,"Electronics, Health Care, Machinery Manufacturing, Manufacturing, Medical Device",,https://www.raydiax.com/,,3500000,EUR,3697409,Seed,2,"bmp Ventures, HTGF | High-Tech Gruenderfonds","bmp Ventures, HTGF | High-Tech Gruenderfonds",2,2,"118,774"
Seed Round - HealthCaters,https://www.crunchbase.com/funding_round/healthcaters-seed--a9f780f1,HealthCaters,https://www.crunchbase.com/organization/healthcaters,Seed,"Berlin, Berlin, Germany, Europe",1200000,USD,1200000,2023-10-19,Seed,,,,Yes,HealthCaters is a connected care solution for companies that allows them to empower their employees to take control of their health.,Health Care,,https://www.healthcaters.ai,$1M to $10M,1200000,USD,1200000,Seed,2,Barmenia Next Strategies,"Barmenia Next Strategies, DvH Ventures, Philipp Götting, VENPACE",4,2,"124,470"
Funding Round - Flixcheck,https://www.crunchbase.com/funding_round/flixcheck-undisclosed--901293b5,Flixcheck,https://www.crunchbase.com/organization/flixcheck,Funding Round,"Essen, Nordrhein-Westfalen, Germany, Europe",1000000,EUR,1078964,2023-06-13,,9000000,EUR,9710676,Yes,Flixcheck helps companies to improve their customer service.,Customer Service,,https://www.flixcheck.de,$1M to $10M,1000000,EUR,1078964,,1,neoteq ventures,neoteq ventures,1,,"129,387"
Pre Seed Round - GlassFlow,https://www.crunchbase.com/funding_round/glassflow-pre-seed--331f2c96,GlassFlow,https://www.crunchbase.com/organization/glassflow,Pre-Seed,"Berlin, Berlin, Germany, Europe",1100000,USD,1100000,2023-11-03,Seed,,,,Yes,GlassFlow is a next-gen data streaming infrastructure company on a mission to democratize data streaming.,"Big Data, Cloud Data Services, Cloud Infrastructure, Developer Tools, Information Technology, IT Infrastructure, SaaS, Software",,https://www.glassflow.dev/,,5900000,USD,5900000,Seed,2,HTGF | High-Tech Gruenderfonds,"Bob van Luijt, Heikki Nousiainen, HTGF | High-Tech Gruenderfonds, Robin Capital, Roland Fassauer, Roosh Ventures, Thomas Dohmke, Tiny VC",8,3,"183,485"
Seed Round - Caeli Wind,https://www.crunchbase.com/funding_round/caeli-wind-seed--8cf62522,Caeli Wind,https://www.crunchbase.com/organization/caeli-wind,Seed,"Berlin, Berlin, Germany, Europe",1000000,EUR,1086779,2023-06-29,Seed,,,,Yes,Digital marketplace that identifies wind potential locations for landowners and enables professional AI-supported analysis and marketing.,"Intelligent Systems, Marketing, Wind Energy",,https://www.caeli-wind.de/start,Less than $1M,14000000,EUR,15145388,Early Stage Venture,3,HTGF | High-Tech Gruenderfonds,HTGF | High-Tech Gruenderfonds,1,,"197,218"
Seed Round - Tanso,https://www.crunchbase.com/funding_round/tanso-seed--121e61fb,Tanso,https://www.crunchbase.com/organization/tanso,Seed,"Munich, Bayern, Germany, Europe",4000000,EUR,4389999,2023-04-18,Seed,,,,Yes,Tanso enables industrial companies to achieve their sustainability targets.,"Business Intelligence, Enterprise Software, GreenTech, Software, Sustainability",,https://www.tanso.de/,$1M to $10M,8943099,USD,8943099,Seed,3,Capnamic Ventures,"Capnamic Ventures, UVC Partners",2,2,"197,531"
Seed Round - smartbax,https://www.crunchbase.com/funding_round/smartbax-seed--595bab71,smartbax,https://www.crunchbase.com/organization/smartbax,Seed,"Munich, Bayern, Germany, Europe",1200000,EUR,1292338,2023-05-23,Seed,,,,Yes,"smartbax develop novel multi-targeted, antibacterial compounds with extraordinary potency against multi-drug resistant bacteria.","Biotechnology, Genetics",,https://www.smartbax.de,$1M to $10M,1900000,EUR,2088515,Seed,2,"Boehringer Ingelheim Venture Fund, HTGF | High-Tech Gruenderfonds","Boehringer Ingelheim Venture Fund, HTGF | High-Tech Gruenderfonds",2,2,"204,835"
Pre Seed Round - FINE Legal,https://www.crunchbase.com/funding_round/fine-legal-pre-seed--09facac0,FINE Legal,https://www.crunchbase.com/organization/fine-legal,Pre-Seed,"Berlin, Berlin, Germany, Europe",,,,2023-07-05,Seed,,,,Yes,"FINE is building Germanys’s first consumer rights platform, that helps consumers to enforce their claims digital, hassle- & risk free.",Legal Tech,,https://www.fine.so,,1000000,USD,1000000,Seed,2,HTGF | High-Tech Gruenderfonds,HTGF | High-Tech Gruenderfonds,1,,"204,895"
Seed Round - specter automation,https://www.crunchbase.com/funding_round/specter-automation-seed--e3e0d1fe,specter automation,https://www.crunchbase.com/organization/specter-automation,Seed,"Cologne, Nordrhein-Westfalen, Germany, Europe",2700000,EUR,2932383,2023-01-31,Seed,,,,Yes,"B2B SaaS company for AI powered automation of construction site management and tracking, effectively cutting construction delays in half.","Artificial Intelligence (AI), Construction, Enterprise Software, SaaS, Software",,http://www.specter-automation.com/,,2700000,EUR,2932383,Seed,2,TechVision Fund,"LBBW VC, Mostafa Akbari-Hochberg, TechVision Fund, xdeck",4,1,"206,421"
Seed Round - Dr. Vivien Karl,https://www.crunchbase.com/funding_round/dr-vivien-karl-seed--de3b569a,Dr. Vivien Karl,https://www.crunchbase.com/organization/dr-vivien-karl,Seed,"Köln, Nordrhein-Westfalen, Germany, Europe",1500000,USD,1500000,2023-05-09,Seed,,,,Yes,Dr. Vivien Karl is a beauty cream manufacturing company that produces Intimpflege products.,"Health Care, Personal Health, Wellness, Women's",,https://vivienkarl.com,$1M to $10M,1717400,USD,1717400,Seed,4,DvH Ventures,"better ventures, DvH Ventures, Mirko Caspar, Tina Mueller",4,1,"207,310"
Series A - CarbonCloud,https://www.crunchbase.com/funding_round/carboncloud-ab-series-a--e518f086,CarbonCloud,https://www.crunchbase.com/organization/carboncloud-ab,Series A,"Göteborg, Vastra Gotaland, Sweden, Europe",7500000,EUR,8037353,2023-02-17,Early Stage Venture,,,,Yes,CarbonCloud is a SaaS company building digital infrastructure for calculating and communicating climate footprints for food.,"Developer Platform, Information Technology, SaaS, Software",,https://carboncloud.com/,$1M to $10M,13857015,USD,13857015,Early Stage Venture,3,"Cusp Capital, Peak","Cusp Capital, Maki.vc, Peak, Rivus Capital, TS Ventures",5,2,"208,267"
Series A - aedifion,https://www.crunchbase.com/funding_round/aedifion-series-a--ea1ba0f5,aedifion,https://www.crunchbase.com/organization/aedifion,Series A,"Cologne, Nordrhein-Westfalen, Germany, Europe",12000000,EUR,13045804,2023-01-27,Early Stage Venture,,,,Yes,"Buildings Simply Made Better: The AI-based cloud platform enables us to reduce energy waste, CO2 emissions and operating costs of buildings.","Cloud Data Services, Software",,https://www.aedifion.com/,$1M to $10M,12000000,EUR,13045804,Early Stage Venture,4,"BeyondBuild, World Fund","Bauwens Digital, BeyondBuild, BitStone Capital, Drees & Sommer AG, MOMENI Ventures, Phoenix Contact Innovation Ventures, World Fund",7,2,"208,318"
Series A - Kranus Health,https://www.crunchbase.com/funding_round/kranus-health-gmbh-series-a--c12317a0,Kranus Health,https://www.crunchbase.com/organization/kranus-health-gmbh,Series A,"Munich, Bayern, Germany, Europe",8500000,USD,8500000,2023-10-02,Early Stage Venture,,,,Yes,Virtual Care in Urology,Health Care,,https://www.kranushealth.com/de/,$1M to $10M,21300045,USD,21300045,Early Stage Venture,5,"Karista, SwissHealth Ventures","A Round Capital, HTGF | High-Tech Gruenderfonds, Karista, SwissHealth Ventures, WENVEST Capital",5,2,"212,353"
Seed Round - Green Fusion,https://www.crunchbase.com/funding_round/green-fusion-seed--3f65df5e,Green Fusion,https://www.crunchbase.com/organization/green-fusion,Seed,"Berlin, Berlin, Germany, Europe",2700000,EUR,2875883,2023-02-21,Seed,,,,Yes,Green Fusion develops a simple and secure software solution for more efficient control of your energy system.,"Energy Management, Software",,https://www.green-fusion.eu/,,14925000,EUR,15591240,Early Stage Venture,4,,"BitStone Capital, Brandenburg Kapital, High Rise Ventures, kopa ventures, Vireo Ventures, Übermorgen Ventures",6,,"215,416"
Series B - Sastrify,https://www.crunchbase.com/funding_round/sastrify-series-b--1696da57,Sastrify,https://www.crunchbase.com/organization/sastrify,Series B,"Cologne, Nordrhein-Westfalen, Germany, Europe",22000000,USD,22000000,2023-05-22,Early Stage Venture,,,,Yes,Sastrify is a virtual SaaS service procurement software that improves SaaS operations management and SaaS spending.,"Procurement, SaaS, Software",,https://sastrify.com,$10M to $50M,55193364,USD,55193364,Early Stage Venture,6,Endeit Capital,"Endeit Capital, FirstMark, HV Capital, Simon Capital, TriplePoint Capital",5,3,"215,684"
Seed Round - oculai,https://www.crunchbase.com/funding_round/oculai-seed--cc82af5b,oculai,https://www.crunchbase.com/organization/oculai,Seed,"Munich, Bayern, Germany, Europe",2500000,EUR,2681675,2023-03-14,Seed,,,,Yes,Oculai is a SaaS solution for camera-based data collection on construction sites using intelligent computer vision algorithms.,"Computer Vision, Construction, Data Collection and Labeling, Information Technology, Machine Learning, SaaS",,https://oculai.de,$1M to $10M,2500000,EUR,2681675,Seed,2,"Axeleo Capital, Bayern Kapital, HTGF | High-Tech Gruenderfonds","Arno Zinke, Axeleo Capital, Bayern Kapital, Christoph Jentzsch, HTGF | High-Tech Gruenderfonds, Tobias Ortmaier",6,2,"216,080"
Series A - Delft Circuits,https://www.crunchbase.com/funding_round/delft-circuits-series-a--81e762ab,Delft Circuits,https://www.crunchbase.com/organization/delft-circuits,Series A,"Delft, Zuid-Holland, The Netherlands, Europe",6300000,EUR,6739893,2023-09-07,Early Stage Venture,,,,Yes,"Delft Circuits is a manufacturer of quantum hardware. With Cri/oFlex®, they introduce a massively scalable i/o solution for quantum.","Manufacturing, Nanotechnology, Quantum Computing",,https://www.delft-circuits.com,,6300000,EUR,6739893,Early Stage Venture,2,DeepTechXL,"DeepTechXL, HTGF | High-Tech Gruenderfonds",2,1,"228,333"
Seed Round - Supportwave,https://www.crunchbase.com/funding_round/nerdapp-seed--e6c14f4a,Supportwave,https://www.crunchbase.com/organization/nerdapp,Seed,"London, England, United Kingdom, Europe",2000000,EUR,2188679,2023-08-02,Seed,,,,Yes,Supportwave is an IT Support platform providing on-demand access to their global Talent Cloud of verified IT and Dev Engineers.,"Apps, Information Technology, Technical Support",,https://supportwave.com,$1M to $10M,2903679,USD,2903679,Seed,2,,"Big Sur Ventures, Fuel Ventures, HTGF | High-Tech Gruenderfonds, KM Capital",4,2,"228,903"
Venture Round - Hanko,https://www.crunchbase.com/funding_round/hanko-series-unknown--c821f562,Hanko,https://www.crunchbase.com/organization/hanko,Venture - Series Unknown,"Kiel, Schleswig-Holstein, Germany, Europe",1200000,EUR,1304820,2023-05-15,,,,,Yes,Hanko builds open-source user authentication and passkey infrastructure for developers,"Developer APIs, Identity Management, Security",,https://www.hanko.io,Less than $1M,1200000,EUR,1304820,,3,adesso ventures,"adesso ventures, Carl Zitscher, HTGF | High-Tech Gruenderfonds, Jan Kaniess, Roland Fassauer, Smart Infrastructure Ventures ('SIVentures')",6,1,"228,974"
Series A - MicroHarvest,https://www.crunchbase.com/funding_round/microharvest-series-a--d478d616,MicroHarvest,https://www.crunchbase.com/organization/microharvest,Series A,"Hamburg, Hamburg, Germany, Europe",1500000,EUR,1681595,2023-05-05,Early Stage Venture,,,,Yes,Production of bacterial single cell protein solutions,Biotechnology,,https://microharvest.com,$10M to $50M,10000000,EUR,10157160,Early Stage Venture,5,Simon Capital,Simon Capital,1,1,"240,332"
Series A - Broken String Biosciences,https://www.crunchbase.com/funding_round/broken-string-biosciences-series-a--93c3b09c,Broken String Biosciences,https://www.crunchbase.com/organization/broken-string-biosciences,Series A,"Cambridge, Cambridgeshire, United Kingdom, Europe",15000000,USD,15000000,2023-09-18,Early Stage Venture,,,,Yes,Broken String Biosciences is developing a platform of novel sequencing tools to assess genome stability and to unlock the next generation.,"Biotechnology, Health Care",,https://www.brokenstringbio.com/,$1M to $10M,15000000,USD,15000000,Early Stage Venture,2,"Illumina Ventures, Mérieux Equity Partners","DvH Ventures, HERAN Partners, Illumina Ventures, Mérieux Equity Partners, Tencent",5,5,"566,864"
Venture Round - VIDA,https://www.crunchbase.com/funding_round/village-data-analytics-series-unknown--194a52af,VIDA,https://www.crunchbase.com/organization/village-data-analytics,Venture - Series Unknown,"Munich, Bayern, Germany, Europe",3000000,EUR,3219886,2023-09-13,,,,,Yes,VIDA is impact management software for a decentralized world.,"Geospatial, Impact Investing, Information Technology, Software",,https://www.vida.place,,4650000,EUR,5030336,,3,Cusp Capital,Cusp Capital,1,1,"586,642"
Seed Round - Polyteia,https://www.crunchbase.com/funding_round/polyteia-seed--df7d3f77,Polyteia,https://www.crunchbase.com/organization/polyteia,Seed,"Berlin, Berlin, Germany, Europe",5000000,EUR,5334232,2023-03-01,Seed,,,,Yes,Polyteia empowers an effective and accountable government by providing actionable data for decision-making.,"Data Visualization, GovTech, SaaS, Smart Cities",,https://www.polyteia.com/,$1M to $10M,5000000,EUR,5334232,Seed,4,HV Capital,"DvH Ventures, HV Capital",2,2,"593,700"
Seed Round - Sovity,https://www.crunchbase.com/funding_round/sovity-seed--47a77042,Sovity,https://www.crunchbase.com/organization/sovity,Seed,"Dortmund, Nordrhein-Westfalen, Germany, Europe",,,,2023-02-15,Seed,,,,Yes,Sovity is a IDS operating company.,"Big Data, Data Storage, SaaS, Software",,https://sovity.de,$1M to $10M,,,,Seed,2,,"FTTF, HTGF | High-Tech Gruenderfonds",2,2,"596,508"
Venture Round - Selfapy,https://www.crunchbase.com/funding_round/selfapy-series-unknown--9ef87f69,Selfapy,https://www.crunchbase.com/organization/selfapy,Venture - Series Unknown,"Berlin, Berlin, Germany, Europe",7000000,EUR,7501530,2023-02-17,,,,,Yes,Selfapy's online program offer those affected by mental illnesses quick and clinically proven online therapy.,"Fitness, Health Care, Medical Device, Mental Health",,https://www.selfapy.com,$10M to $50M,13000000,EUR,14128501,,8,,"HTGF | High-Tech Gruenderfonds, IBB Ventures, Medice Arzneimittel, The SHS Group, Think.Health",5,,"601,774"
Seed Round - Covalo,https://www.crunchbase.com/funding_round/covalo-seed--4d384bc1,Covalo,https://www.crunchbase.com/organization/covalo,Seed,"Zürich, Zurich, Switzerland, Europe",,,,2023-03-17,Seed,,,,Yes,Covalo is disrupting how formulation-driven products are developed in the consumer goods industry.,"Chemical, Collaboration, Consumer Goods, Food and Beverage, Green Consumer Goods, Sustainability",,https://covalo.com/,$1M to $10M,,,,Seed,2,HTGF | High-Tech Gruenderfonds,"Gekko Group, HTGF | High-Tech Gruenderfonds, seed + speed Ventures",3,2,"621,959"
Seed Round - xito.one,https://www.crunchbase.com/funding_round/xito-one-seed--77b27149,xito.one,https://www.crunchbase.com/organization/xito-one,Seed,"Ulm, Baden-Wurttemberg, Germany, Europe",,,,2023-03-02,Seed,,,,Yes,XITO is a manufacturer of the marketplace for automation through robotics.,Robotics,,https://www.xito.one/,,1600000,EUR,1731255,Seed,2,,HTGF | High-Tech Gruenderfonds,1,1,"649,908"
Seed Round - DNTOX,https://www.crunchbase.com/funding_round/dntox-seed--19fe92ef,DNTOX,https://www.crunchbase.com/organization/dntox,Seed,"Düsseldorf, Nordrhein-Westfalen, Germany, Europe",1400000,EUR,1518091,2023-06-14,Seed,,,,Yes,an in vitro testing battery for safe chemicals,"Biotechnology, Life Science",,https://dntox.de,,1400000,EUR,1518091,Seed,2,HTGF | High-Tech Gruenderfonds,"AQAL Integral Investing, Barbara Korte-Sturm, Bool Capital, HTGF | High-Tech Gruenderfonds, Nikolaus Sturm",5,2,"660,329"
Series B - Finanzguru,https://www.crunchbase.com/funding_round/finanzguru-by-dwins-gmbh-series-b--72086598,Finanzguru,https://www.crunchbase.com/organization/finanzguru-by-dwins-gmbh,Series B,"Frankfurt, Hessen, Germany, Europe",13000000,EUR,14245170,2023-04-04,Early Stage Venture,,,,Yes,Finanzguru is an AI-powered financial assistant that assists users in managing their accounts and contracts.,"Artificial Intelligence (AI), Assistive Technology, Financial Services, FinTech, Insurance",,http://www.finanzguru.de,$1M to $10M,27000000,EUR,30174944,Early Stage Venture,6,"PayPal Ventures, SCOR Ventures","coparion, Deutsche Bank, Frank Strauss, Hannover Digital Investments, PayPal Ventures, Redstone.VC, SCOR Ventures, Venture Stars, VR Ventures",9,3,"367,880"
Seed Round - ContractHero,https://www.crunchbase.com/funding_round/contracthero-seed--73d62e33,ContractHero,https://www.crunchbase.com/organization/contracthero,Seed,"Berlin, Berlin, Germany, Europe",2150000,EUR,2341283,2023-07-06,Seed,,,,Yes,ContractHero is a digital contract management solution for business customers.,"B2B, SaaS, Small and Medium Businesses, Software",,https://www.contracthero.com/,,3550000,EUR,3976814,Seed,2,Redstone.VC,"coparion, Redstone.VC, Swiss Post Ventures, Venista Ventures, VR Ventures, xdeck",6,,"672,917"
Seed Round - Ordio,https://www.crunchbase.com/funding_round/ordio-seed--288544dc,Ordio,https://www.crunchbase.com/organization/ordio,Seed,"Cologne, Nordrhein-Westfalen, Germany, Europe",2900000,EUR,3140612,2023-01-16,Seed,,,,Yes,Deskless Workforce Management,"Apps, Food and Beverage, Information Technology, Marketing, Mobile Apps, Restaurants, Software, Supply Chain Management",,https://www.ordio.com,,3900000,EUR,4158367,Seed,2,Capnamic Ventures,"Capnamic Ventures, Simon Capital",2,1,"337,579"
Series A - Dexory,https://www.crunchbase.com/funding_round/botsandus-ltd-series-a--e6fcf422,Dexory,https://www.crunchbase.com/organization/botsandus-ltd,Series A,"London, England, United Kingdom, Europe",17300000,EUR,18956557,2023-06-27,Early Stage Venture,,,,Yes,Dexory captures real-time insights of warehouse operations using fully autonomous robots and Artificial Intelligence.,"Artificial Intelligence (AI), Data Visualization, Logistics, Retail Technology, Warehouse Automation, Warehousing",,https://www.dexory.com/,$1M to $10M,117994387,USD,117994387,Early Stage Venture,10,Atomico,"Atomico, Beyond Capital, Capnamic Ventures, Kindred Capital, Lakestar, Maersk Growth",6,4,"681,845"
Series A - Sdui,https://www.crunchbase.com/funding_round/sdui-series-a--acb98d1b,Sdui,https://www.crunchbase.com/organization/sdui,Series A,"Koblenz, Rheinland-Pfalz, Germany, Europe",18000000,EUR,19822959,2023-02-01,Early Stage Venture,,,,Yes,Sdui provides solutions for mobile communication and organization in education.,"Apps, Education, Information and Communications Technology (ICT), Mobile Apps, Software, Web Apps",,https://sdui.de/,$10M to $50M,46000000,EUR,50902890,Early Stage Venture,5,"Haniel, HV Capital","Brighteye Ventures, Haniel, HTGF | High-Tech Gruenderfonds, HV Capital, JSM Hinderer GmbH, Kreos Capital",6,3,"562,115"
Pre Seed Round - Phialogics,https://www.crunchbase.com/funding_round/phialogics-pre-seed--4e0a3758,Phialogics,https://www.crunchbase.com/organization/phialogics,Pre-Seed,"Allschwil, Basel-Landschaft, Switzerland, Europe",600000,EUR,657108,2023-04-19,Seed,,,,Yes,Phialogics is focuses on developing next-generation biologics to balance the immune response in both acute and long-term inflammation.,"Biotechnology, Clinical Trials",,https://www.phialogics.com/,$1M to $10M,1206559,USD,1206559,Seed,2,HTGF | High-Tech Gruenderfonds,HTGF | High-Tech Gruenderfonds,1,1,"388,144"
Pre Seed Round - Proxima Fusion,https://www.crunchbase.com/funding_round/proxima-fusion-pre-seed--10c072b7,Proxima Fusion,https://www.crunchbase.com/organization/proxima-fusion,Pre-Seed,"Munich, Bayern, Germany, Europe",7000000,EUR,7512124,2023-05-30,Seed,,,,Yes,Proxima Fusion creates new types of power plants using stellarators that optimised to create magnetic cages for high-energy particles.,"Energy, Power Grid",,https://www.proximafusion.com/,,51500000,EUR,55957502,Seed,7,"Plural Platform, UVC Partners","HTGF | High-Tech Gruenderfonds, Plural Platform, UVC Partners, Wilbe Capital",4,3,"389,045"
Venture Round - INERATEC,https://www.crunchbase.com/funding_round/ineratec-series-unknown--e5a08538,INERATEC,https://www.crunchbase.com/organization/ineratec,Venture - Series Unknown,"Karlsruhe, Baden-Wurttemberg, Germany, Europe",,,,2023-01-25,,,,,Yes,NERATEC produces carbon-neutral synthetic fuels and chemicals for various applications.,"Chemical Engineering, Energy, Environmental Engineering, Renewable Energy",,https://ineratec.de,$1M to $10M,208000000,EUR,224030673,Early Stage Venture,7,Honda Motor,"ENGIE New Ventures, FO Holding, Honda Motor, HTGF | High-Tech Gruenderfonds, MPC Capital, Planet A Ventures, Safran Corporate Ventures",7,1,"391,186"
Seed Round - viboo,https://www.crunchbase.com/funding_round/viboo-seed--39a89767,viboo,https://www.crunchbase.com/organization/viboo,Seed,"Dubendorf, Zurich, Switzerland, Europe",1500000,CHF,1673629,2023-09-14,Seed,,,,Yes,viboo offers self-learning predictive control on the basis of physics-informed Machine Learning as a cloud service.,"Information Services, Information Technology, Machine Learning, SaaS, Smart Building, Smart Cities, Smart Home",,https://viboo.io/index.php,,1880000,CHF,2079891,Seed,4,HTGF | High-Tech Gruenderfonds,"HTGF | High-Tech Gruenderfonds, Raspberry, Swisscom Ventures",3,,"395,104"
Seed Round - Fixably,https://www.crunchbase.com/funding_round/fixably-seed--1f62ec51,Fixably,https://www.crunchbase.com/organization/fixably,Seed,"Helsinki, Southern Finland, Finland, Europe",10000000,USD,10000000,2023-06-05,Seed,,,,Yes,Fixably is a Finland-based SaaS company that helps technicians and repair shops operate better.,"Application Performance Management, Innovation Management, SaaS, Software",,https://fixably.com/,$1M to $10M,10947228,USD,10947228,Seed,3,,"468 Capital, Business Finland, Cusp Capital, Icebreaker.vc",4,1,"350,631"
Pre Seed Round - inContAlert,https://www.crunchbase.com/funding_round/incontalert-technologies-pre-seed--23d9edb9,inContAlert,https://www.crunchbase.com/organization/incontalert-technologies,Pre-Seed,"Bayreuth, Bayern, Germany, Europe",1500000,EUR,1608583,2023-09-06,Seed,,,,Yes,The hearing aid for incontinence.,"Artificial Intelligence (AI), Health Care, Health Diagnostics, Machine Learning, Medical Device, mHealth, Software",,https://incontalert.de/,$1M to $10M,2642000,EUR,2920115,Seed,4,"Bayern Kapital, Carma Fund, HTGF | High-Tech Gruenderfonds","Bayern Kapital, Carma Fund, Dr. Jörg Stein, Dr. Thomas Gottwald, HTGF | High-Tech Gruenderfonds, Marcus Irsfeld, Richard Reiber",7,3,"408,201"
Seed Round - Rabot Charge,https://www.crunchbase.com/funding_round/rabot-charge-seed--09979781,Rabot Charge,https://www.crunchbase.com/organization/rabot-charge,Seed,"Hamburg, Hamburg, Germany, Europe",1500000,EUR,1642770,2023-04-19,Seed,,,,Yes,Rabot Charge offers charging management solutions for customers to charge their electric cars at home.,"Electric Vehicle, Electrical Distribution, Energy Management",,https://www.rabot-charge.de/,Less than $1M,22000000,EUR,23673767,Early Stage Venture,4,"HTGF | High-Tech Gruenderfonds, vent.io","HTGF | High-Tech Gruenderfonds, vent.io",2,2,"422,445"
Series B - Sunvigo,https://www.crunchbase.com/funding_round/sunvigo-series-b--63d95162,Sunvigo,https://www.crunchbase.com/organization/sunvigo,Series B,"Cologne, Nordrhein-Westfalen, Germany, Europe",12000000,EUR,13169996,2023-04-18,Early Stage Venture,,,,Yes,Sunvigo provides you with cheap solar power from your roof and real green power from the grid.,"Renewable Energy, Solar",,https://www.sunvigo.de/,$100M to $500M,53000000,EUR,59106391,Early Stage Venture,7,"Future Energy Ventures, Triodos Bank","Eneco Ventures, Future Energy Ventures, HTGF | High-Tech Gruenderfonds, Sparta Capital, Triodos Bank, Übermorgen Ventures",6,2,"422,846"
Seed Round - Replique,https://www.crunchbase.com/funding_round/replique-seed--901803ef,Replique,https://www.crunchbase.com/organization/replique,Seed,"Mannheim, Baden-Wurttemberg, Germany, Europe",,,,2023-06-15,Seed,,,,Yes,Replique is an online first fully encrypted 3D printing platform that makes spare part management more sustainable to large OEMs.,"3D Printing, Information Technology, Internet, Software",,https://replique.io,,,,,Seed,2,STS Ventures,"Chameleon, Chemovator, R3 consulting & investment, STS Ventures",4,1,"432,723"
Seed Round - Relio,https://www.crunchbase.com/funding_round/relio-seed--2f2ff738,Relio,https://www.crunchbase.com/organization/relio,Seed,"Zürich, Zurich, Switzerland, Europe",3000000,CHF,3252907,2023-01-10,Seed,,,,Yes,"Relio is the digital Swiss bank account for SMEs worldwide, built on proprietary compliance automation.","Banking, Financial Services, FinTech",,https://www.relio.ch/,,3700000,CHF,4018292,Seed,3,TX Ventures,"daFUND, HTGF | High-Tech Gruenderfonds, Qubit Capital, SIX FinTech Ventures, Tenity, TX Ventures",6,2,"302,800"
Funding Round - Finoa,https://www.crunchbase.com/funding_round/finoa-undisclosed--2f25e44c,Finoa,https://www.crunchbase.com/organization/finoa,Funding Round,"Berlin, Berlin, Germany, Europe",6600000,EUR,6980589,2023-02-28,,,,,Yes,Finoa is a regulated custodian for digital assets offering custody and staking services to institutional investors and corporations.,"Banking, Blockchain, Cryptocurrency, Financial Services, FinTech",,https://finoa.io/,$1M to $10M,34900000,EUR,40196721,,4,,"Balderton Capital, coparion, Middlegame Ventures, Signature Ventures, Venture Stars",5,,"437,050"
Venture Round - Wirelane,https://www.crunchbase.com/funding_round/wirelane-series-unknown--cdc48d1a,Wirelane,https://www.crunchbase.com/organization/wirelane,Venture - Series Unknown,"Munich, Bayern, Germany, Europe",11000000,EUR,11931155,2023-08-22,,,,,Yes,Wirelane is a full service provider in the field of electric mobility.,"Charging Infrastructure, Electric Vehicle, Hospitality, Information Technology",,https://www.wirelane.com,$1B to $10B,41000000,EUR,46080124,,6,,"ABACON CAPITAL, DC Ventures, HTGF | High-Tech Gruenderfonds, Kalexogy",4,,"502,097"
Seed Round - Mainteny,https://www.crunchbase.com/funding_round/mainteny-seed--e3ee7bf5,Mainteny,https://www.crunchbase.com/organization/mainteny,Seed,"Berlin, Berlin, Germany, Europe",2700000,EUR,2894021,2023-03-20,Seed,,,,Yes,Mainteny helps facility management companies increase profit and service quality by providing digital tools for their everyday work.,"Facility Management, Software",,https://mainteny.com,$1M to $10M,3034021,USD,3034021,Seed,2,Cusp Capital,"Antler, Cusp Capital, Smart Infrastructure Ventures ('SIVentures'), Tiny VC",4,,"260,381"
Venture Round - Vemcon,https://www.crunchbase.com/funding_round/vemcon-gmbh-series-unknown--a3147453,Vemcon,https://www.crunchbase.com/organization/vemcon-gmbh,Venture - Series Unknown,"Garching Bei München, Bayern, Germany, Europe",6000000,EUR,6435352,2023-05-25,,,,,Yes,Vemcon is a rethinks machine control.,"Artificial Intelligence (AI), Commercial, Construction, Machine Learning, Robotics, Software",,https://www.vemcon.de,$1M to $10M,6000000,EUR,6435352,,3,DeepTech & Climate Fonds,DeepTech & Climate Fonds,1,,"506,726"
Seed Round - Materials Nexus,https://www.crunchbase.com/funding_round/materials-nexus-seed--8b4dcdc7,Materials Nexus,https://www.crunchbase.com/organization/materials-nexus,Seed,"London, England, United Kingdom, Europe",2000000,GBP,2585409,2023-07-26,Seed,,,,Yes,Materials Nexus is a deep-tech company accelerating the change to net-zero materials,"Artificial Intelligence (AI), Environmental Engineering, Machine Learning, Social Impact",,http://materialsnexus.com,,2000000,GBP,2585409,Seed,3,Ada Ventures,"Ada Ventures, Andrew MacKay, Carbon13, ETCapital, G-Force, HTGF | High-Tech Gruenderfonds, Hugh Smith, Jamin Thompson, Jasmin Thomas, Katapult, MD ONE Ventures, Michael Eisenberg, University of Cambridge",13,1,"448,378"
Seed Round - ATMOS Space Cargo,https://www.crunchbase.com/funding_round/atmos-space-cargo-seed--9c936bc9,ATMOS Space Cargo,https://www.crunchbase.com/organization/atmos-space-cargo,Seed,"Baden-baden, Baden-Wurttemberg, Germany, Europe",4000000,EUR,4382207,2023-06-22,Seed,,,,Yes,"ATMOS Space Cargo develops and manufactures space capsules to return cargo from space, microgravity experiments to entire rocket stages.","Aerospace, Manufacturing, Space Travel",,https://atmos-space-cargo.com,,18400000,EUR,19529442,Seed,3,"Amadeus APEX Technology Fund, E2MC Ventures, HTGF | High-Tech Gruenderfonds, Seraphim Space, VENTIS CAPITAL","Amadeus APEX Technology Fund, another.vc, E2MC Ventures, HTGF | High-Tech Gruenderfonds, Seraphim Space, VENTIS CAPITAL",6,5,"271,007"
Seed Round - Enote,https://www.crunchbase.com/funding_round/enote-seed--5503a610,Enote,https://www.crunchbase.com/organization/enote,Seed,"Berlin, Berlin, Germany, Europe",10000000,EUR,10598598,2023-03-02,Seed,28000000,EUR,29676075,Yes,"Enote is an innovative AI-powered digital sheet music app, described by The Guardian as “a gamechanger for musicians"".","Artificial Intelligence (AI), Mobile Apps, Music",,https://enote.com/,,20000000,EUR,22168592,Seed,5,DvH Ventures,"DvH Ventures, European Innovation Council, Rudolf Fuchs Kapitalanlagegesellschaft",3,2,"271,900"
Seed Round - cleverly.de,https://www.crunchbase.com/funding_round/cleverly-de-seed--dc05a769,cleverly.de,https://www.crunchbase.com/organization/cleverly-de,Seed,"Berlin, Berlin, Germany, Europe",4600000,EUR,4937159,2023-09-13,Seed,,,,Yes,"cleverly is a B2B2C kids online coaching platform, empowering family's wellbeing by matching kids & teens with their perfect companion.","B2B, B2C, E-Learning, EdTech, Mental Health, SaaS",,https://cleverly.de/,,8600000,EUR,9073346,Seed,4,,"Capnamic Ventures, Dr. Florian Langenscheidt, Emma Ventures, Flixfounders, Rubio Impact Ventures, Verena Pausder",6,1,"460,548"
Venture Round - Taclia,https://www.crunchbase.com/funding_round/taclia-series-unknown--25510d49,Taclia,https://www.crunchbase.com/organization/taclia,Venture - Series Unknown,"Barcelona, Catalonia, Spain, Europe",6000000,EUR,6586899,2023-04-25,,,,,Yes,Taclia is the software platform that empowers companies to manage their businesses.,"B2B, Software",,https://taclia.com,,7900000,EUR,8768297,,5,Cusp Capital,"Cusp Capital, Stage 2 Capital",2,1,"274,038"
Series A - doctorly,https://www.crunchbase.com/funding_round/doctorly-series-a--0414eab7,doctorly,https://www.crunchbase.com/organization/doctorly,Series A,"Berlin, Berlin, Germany, Europe",6700000,EUR,7146956,2023-11-09,Early Stage Venture,,,,Yes,Doctorly is a health tech company that offers a cloud-based practice management platform for doctors.,"Health Care, Medical, mHealth, SaaS, Software",,http://www.doctorly.de,Less than $1M,21090000,EUR,22707007,Early Stage Venture,6,Simon Capital,"Geschwister Oetker, Simon Capital, UNIQA Ventures",3,1,"486,717"
Seed Round - AICA SA,https://www.crunchbase.com/funding_round/aicatech-ai-seed--16b800d6,AICA SA,https://www.crunchbase.com/organization/aicatech-ai,Seed,"Lausanne, Vaud, Switzerland, Europe",1200000,CHF,1275337,2023-03-08,Seed,,,,Yes,Accessible Robotics. For Everyone.,"Artificial Intelligence (AI), Industrial Automation, Machine Learning, Manufacturing, Robotics",,https://www.aica.tech,,1350000,CHF,1443008,Seed,3,Spicehaus Partners,"HTGF | High-Tech Gruenderfonds, Schaeffler Group, Spicehaus Partners",3,1,"487,947"
Series A - ACCURE Battery Intelligence,https://www.crunchbase.com/funding_round/accure-battery-intelligence-series-a--87e594b9,ACCURE Battery Intelligence,https://www.crunchbase.com/organization/accure-battery-intelligence,Series A,"Aachen, Nordrhein-Westfalen, Germany, Europe",7200000,EUR,7809483,2023-08-22,Early Stage Venture,,,,Yes,ACCURE is an AI-powered battery analytics company.,"Analytics, Artificial Intelligence (AI), Battery, Energy, Energy Storage, Machine Learning, Predictive Analytics, Renewable Energy, Software",,https://accure.net,$500M to $1B,34494830,USD,34494830,Early Stage Venture,4,"Blue Bear Capital, HSBC Asset Management","Blue Bear Capital, Capnamic Ventures, HSBC Asset Management, Riverstone Holdings",4,2,"309,171"
Series A - TolerogenixX,https://www.crunchbase.com/funding_round/tolerogenixx-series-a--ec68c1d8,TolerogenixX,https://www.crunchbase.com/organization/tolerogenixx,Series A,"Heidelberg, Baden-Wurttemberg, Germany, Europe",7000000,EUR,7622781,2023-07-06,Early Stage Venture,,,,Yes,TolerogenixX GmbH has developed a patented and clinically,Clinical Trials,,http://www.tolerogenixx.com/TOLEROGENIxX.2.0.html,$1M to $10M,11100000,EUR,12201761,Early Stage Venture,3,,"Biotech Mountains, CventureS, DB Specialty Invest,, Dr. Dr. Andreas Dorow, Hariolf Fakler, HTGF | High-Tech Gruenderfonds, Kalodion GmbH, NISUS",8,,"311,946"
Seed Round - Sunhat,https://www.crunchbase.com/funding_round/sunhat-seed--a6df6df3,Sunhat,https://www.crunchbase.com/organization/sunhat,Seed,"Cologne, Nordrhein-Westfalen, Germany, Europe",2000000,EUR,2162162,2023-05-22,Seed,,,,Yes,Sunhat is an automation tool that combines software engineering and sustainability expertise to help supply chain businesses.,"Business Information Systems, Consumer Software, Software",,https://www.getsunhat.com,,5000000,EUR,5414311,Seed,2,"Capnamic Ventures, xdeck","Capnamic Ventures, Unifier Ventures, WEPA Ventures, xdeck",4,2,"495,886"
Seed Round - DearEmployee,https://www.crunchbase.com/funding_round/dearemployee-seed--76442653,DearEmployee,https://www.crunchbase.com/organization/dearemployee,Seed,"Berlin, Berlin, Germany, Europe",,,,2023-04-24,Seed,,,,Yes,Workplace Mental Health Platform,"Health Care, Human Resources, Information Technology, Mental Health",,https://www.dearemployee.de/,,,,,Seed,2,,"Brandenburg Kapital, HTGF | High-Tech Gruenderfonds, Impact51, MBG Baden Wuerttemberg",4,,"324,502"
Seed Round - GlassDollar,https://www.crunchbase.com/funding_round/glassdollar-seed--f22668c3,GlassDollar,https://www.crunchbase.com/organization/glassdollar,Seed,"Berlin, Berlin, Germany, Europe",2000000,EUR,2138923,2023-05-31,Seed,,,,Yes,GlassDollar is a technology company that makes the corporate startup sourcing process digital and scalable.,"Data Mining, Internet, Search Engine",,http://glassdollar.com,$1M to $10M,4050000,EUR,4173718,Seed,4,HTGF | High-Tech Gruenderfonds,"Alexander Tschirnhaus, APX, Brigitte Zypries, Christian Lindener, Claus Karthe, Dietmar Harhoff, Gleb Tritus, Gregor Stuhler, HTGF | High-Tech Gruenderfonds, Kerim Galal, Matthias Notz, Michael J. Jäger, Miriam Wohlfarth, Ole Tillmann, Peter Borchers, Philipp Willigmann, Sascha Menges, Sascha Weiler, Stefan Gross-Selbeck, Ulrich Hühner",20,,"328,806"